,brand,vintage,rating,price,num_ratings,location
0,Adeptos,Reserve Cabernet Sauvignon 2018,4.2,32.99,84,"Napa Valley, United States"
1,Vinium,Reserve Cabernet Sauvignon 2018,4.3,34.99,86,"Napa Valley, United States"
2,Dolum Estates,Cask 28 Cabernet Sauvignon 2019,4.4,34.99,80,"Stags Leap District, United States"
3,Sling & Spear,Cabernet Sauvignon 2018,4.3,44.99,110,"Oakville, United States"
4,St. Clement,Johanna Cabernet Sauvignon 2019,4.1,24.99,163,"Knights Valley, United States"
5,Schweiger Vineyards,Dedication 2014,4.3,54.99,137,"Spring Mountain District, United States"
6,Sling & Spear,Cabernet Sauvignon 2017,4.3,39.99,230,"Napa Valley, United States"
7,Frisson,Falcon Ranch Vineyard Cabernet Sauvignon 2019,4.1,19.49,155,"Dry Creek Valley, United States"
8,Dolum Estates,Cabernet Sauvignon 2019,4.2,38.99,65,"Napa Valley, United States"
9,Erikson & Caradin,Reserve Cabernet Sauvignon 2018,4.3,29.99,116,"Napa Valley, United States"
10,Isla Rae,Sui Generis Edition Cabernet Sauvignon 2017,3.2,24.99,33,"Napa Valley, United States"
11,Beau Vigne,Hero Proprietary Red 2019,4.2,58.99,56,"Napa Valley, United States"
12,Italics Winegrowers,Petit Verdot 2017,4.5,39.99,28,"Napa Valley, United States"
13,Erikson & Caradin,Ivy & Thistle Cabernet Sauvignon 2019,4.3,48.99,62,"Atlas Peak, United States"
14,Dolum Estates,Cask 11 Cabernet Sauvignon 2019,4.2,28.0,40,"Sonoma County, United States"
15,Altra,L'Altra Donna Red Blend 2012,4.1,29.99,45,"Napa Valley, United States"
16,Frisson,Napa Valley Cabernet Sauvignon 2019,4.4,44.99,42,"Napa Valley, United States"
17,Napa Cut,Cabernet Sauvignon 2019,4.0,26.99,574,"Napa Valley, United States"
18,Landy Family Vineyards,Gravel Series Cabernet Sauvignon 2019,4.0,17.99,67,"Dry Creek Valley, United States"
19,Beau Vigne,Cult Cabernet Sauvignon 2019,4.4,44.99,838,"Napa Valley, United States"
20,Beau Vigne,Old Rutherford Cabernet Sauvignon 2019,4.4,54.99,74,"Rutherford, United States"
21,Thurlow Cellars,Copperhead Cabernet Sauvignon 2019,4.2,38.99,42,"Napa Valley, United States"
22,Roth,Merlot 2016,3.8,9.99,64,"Alexander Valley, United States"
23,Clay Shannon,Cabernet Sauvignon 2019,4.1,17.99,623,"North Coast, United States"
24,Levo,Tearing At The Seams 2018,3.7,19.99,72,"Santa Barbara County, United States"
25,Edict,Napa Valley Reserve Cabernet Sauvignon 2019,4.2,39.99,70,"Napa Valley, United States"
26,Golden Gate Cellars,Reserve Cabernet Sauvignon 2019,4.2,26.99,143,"Rutherford, United States"
27,Perrin Dobbs,Ace of Spades Cabernet Sauvignon 2021,3.9,17.99,29,"Paso Robles, United States"
28,Lara & Rand,Block 4A Reserve 2017,3.9,32.99,58,"Stags Leap District, United States"
29,Beau Vigne,Heirloom Brut Méthode Champenoise N.V.,4.2,22.99,31,"North Coast, United States"
30,Austin Hope,Paso Robles Cabernet Sauvignon 2020,4.5,39.99,5281,"Paso Robles, United States"
31,Starmont,Cabernet Sauvignon 2017,4.0,18.99,773,"Napa Valley, United States"
32,J. Lohr Vineyards & Wines,Estates Seven Oaks Cabernet Sauvignon 2019,4.0,12.99,4333,"Paso Robles, United States"
33,Beau Vigne,Barrel Chaser 2019,4.4,34.99,33,"Napa Valley, United States"
34,Beringer,Single Vineyard Steinhauer Ranch Cabernet Sauvignon 2017,4.5,69.99,82,"Howell Mountain, United States"
35,Heart's Needle,Old Vine Riesling 2015,3.9,14.99,36,"Mendocino County, United States"
36,Belle Glos,Clark & Telephone Vineyard Pinot Noir 2011,4.4,44.99,1682,"Santa Maria Valley, United States"
37,Cask & Compass,Cabernet Sauvignon 2018,3.7,11.99,33,"Central Coast, United States"
38,Athena,Cabernet Sauvignon 2020,3.9,9.99,115,"California, United States"
39,Weed Cellars,Cabernet Sauvignon 2017,3.7,9.99,145,"Central Coast, United States"
40,Francis Ford Coppola Winery,Grazie Mille! 2017,3.8,14.99,154,"California, United States"
41,Kallan Vintners,Anza Diem Zinfandel 2020,3.7,14.99,73,"Lodi, United States"
42,Millworks,Pillar & Post Cabernet Sauvignon 2018,4.2,29.99,117,"Napa Valley, United States"
43,Beau Vigne,Romeo Cabernet Sauvignon 2018,4.4,49.99,215,"Napa Valley, United States"
44,Hoopes Vineyard,Oakville Cabernet Sauvignon 2015,4.4,64.99,126,"Oakville, United States"
45,Ty Caton Vineyards,Caton Vineyard Cabernet Sauvignon 2018,4.2,24.99,433,"Moon Mountain District, United States"
46,Francis Ford Coppola Winery,Diamond Collection Cabernet Sauvignon 2018,3.8,9.99,4929,"California, United States"
47,Auctioneer,Cabernet Sauvignon 2019,4.1,23.99,421,"Napa Valley, United States"
48,Roberts + Rogers,Reserve Chardonnay 2019,4.4,31.99,73,"Los Carneros, United States"
49,Kendall-Jackson,Kentucky Derby Cabernet Sauvignon 2019,3.8,14.99,35,"Napa Valley, United States"
50,Otra Vez,Cabernet Sauvignon 2017,4.1,34.99,46,"Calistoga, United States"
51,Montagne Russe,Black Knight Vineyard Dragon's Back Pinot Noir 2018,3.8,27.99,56,"Sonoma Coast, United States"
52,Pahlmeyer,Jayson Red 2018,4.3,53.99,362,"Napa Valley, United States"
53,Ca' del Grevino,Grevino Pinot Noir 2014,4.0,18.99,94,"Santa Maria Valley, United States"
54,AuburnJames,Auburn Cabernet Sauvignon 2016,4.0,24.99,208,"Red Hills Lake County, United States"
55,Bread & Butter,Pinot Noir 2020,3.9,11.99,6611,"Napa Valley, United States"
56,Synthesis,Cabernet Sauvignon 2020,4.3,29.99,58,"Napa Valley, United States"
57,Force Majeure,Ciel du Cheval Vineyard Collaboration Series II 2012,3.9,29.99,34,"Red Mountain, United States"
58,Beau Vigne,Napa Valley Cabby Cabernet Sauvignon 2020,4.4,32.99,31,"Napa Valley, United States"
59,Keller Estate,Rôtie 2016,4.2,38.99,30,"Petaluma Gap, United States"
60,Pharaoh Moans,Red 2017,4.1,56.99,47,"Paso Robles, United States"
61,Stags' Leap,The Investor Red 2019,4.3,39.99,224,"Napa Valley, United States"
62,Priest Ranch,Coach Gun 2015,4.4,49.99,126,"Napa Valley, United States"
63,Whitehall Lane,Cabernet Sauvignon Leonardini Estate 2015,4.4,49.99,110,"Napa Valley, United States"
64,Château St. Jean,Cinq Cépages 2017,4.6,64.99,89,"Sonoma County, United States"
65,Mullan Road Cellars,Royal Slope Cabernet Sauvignon 2017,3.8,29.99,27,"Columbia Valley, United States"
66,Keever,Inspirado 2017,4.5,69.99,84,"Napa Valley, United States"
67,Emblem,Napa Valley Cabernet Sauvignon 2017,4.1,24.99,383,"Napa Valley, United States"
68,Emmolo,Emmolo No. 2 Méthode Traditionnelle N.V.,3.9,24.99,319,"Napa Valley, United States"
69,Beringer,Private Reserve Chardonnay 2020,4.1,37.99,43,"Napa Valley, United States"
70,Antica,Mountain Select Cabernet Sauvignon 2017,4.3,44.99,527,"Napa Valley, United States"
71,Roberts + Rogers,Napa Five Cabernet Sauvignon N.V.,4.3,32.99,386,"Napa Valley, United States"
72,Ballentine Vineyards,Zinfandel 2018,3.9,29.99,122,"Napa Valley, United States"
73,Freeman Vineyard & Winery,Russian River Valley Pinot Noir 2018,4.3,79.99,56,"Russian River Valley, United States"
74,1881 Napa,Cabernet Sauvignon 2018,4.1,26.99,854,"Napa Valley, United States"
75,Justin,Isosceles 2019,4.5,54.99,148,"Paso Robles, United States"
76,Beaulieu Vineyard (BV),Tapestry Reserve Red Blend 2018,4.3,44.99,133,"Napa Valley, United States"
77,Beringer,Knights Valley Cabernet Sauvignon 2019,4.2,24.99,1261,"Knights Valley, United States"
78,Francis Ford Coppola Winery,Diamond Collection Merlot 2016,3.8,13.99,1674,"California, United States"
79,Precision,Cabernet Sauvignon 2020,4.0,20.99,969,"Napa Valley, United States"
80,Masút,Pinot Noir 2017,4.2,34.99,268,"Mendocino County, United States"
81,Emmolo,Emmolo No. 3 Méthode Traditionnelle N.V.,3.9,34.99,33,"California, United States"
82,Stags' Leap,Cabernet Sauvignon 2018,4.3,39.99,2400,"Napa Valley, United States"
83,Antica,Townsend Vineyard Cabernet Sauvignon 2016,4.4,84.99,108,"Atlas Peak, United States"
84,Vinum Cellars,The Insider Cabernet Sauvignon 2019,4.3,19.99,69,"Paso Robles, United States"
85,Booker,My Favorite Neighbor Cabernet Sauvignon 2020,4.4,42.99,80,"San Luis Obispo County, United States"
86,Halter Ranch,Cabernet Sauvignon 2019,4.3,39.99,80,"Paso Robles, United States"
87,The Herdsman,Cab 2020,4.1,21.99,224,"Dunnigan Hills, United States"
88,Hartford Court,Chardonnay 2020,4.1,21.99,159,"Russian River Valley, United States"
89,EnRoute,Les Pommiers Pinot Noir 2021,4.4,42.99,42,"Russian River Valley, United States"
90,Buena Vista,Chardonnay 2020,3.7,11.99,34,"North Coast, United States"
91,The Arsonist,Chardonnay 2018,4.0,14.99,283,"Dunnigan Hills, United States"
92,Lyeth,California Red 2019,3.8,14.99,181,"California, United States"
93,Arch Rival,Cabernet Sauvignon 2019,3.8,14.99,90,"California, United States"
94,Alexandrie Cellars,Alexandrie Brut N.V.,4.4,29.99,434,"Rutherford, United States"
95,DAOU,Pessimist Red Blend 2020,4.0,18.99,643,"Paso Robles, United States"
96,Verite,Le Désir 2018,4.4,325.0,33,"Sonoma County, United States"
97,Treana,Cabernet Sauvignon 2020,4.2,26.99,1429,"Paso Robles, United States"
98,Raymond,Reserve Selection Red 2018,4.2,34.99,136,"Napa Valley, United States"
99,Raymond,Reserve Selection Cabernet Sauvignon 2019,4.3,38.99,820,"Napa Valley, United States"
100,Wohler Bridge,Pinot Noir 2017,3.8,14.99,142,"Russian River Valley, United States"
101,J. Lohr Vineyards & Wines,Pure Paso Proprietary Red 2020,4.1,23.99,135,"Paso Robles, United States"
102,Rhys Vineyards,Alesia Santa Cruz Mountains Pinot Noir 2017,4.2,43.99,42,"Santa Cruz Mountains, United States"
103,Faust,The Pact Cabernet Sauvignon 2019,4.4,99.99,84,"Napa Valley, United States"
104,Verite,La Joie 2018,4.5,399.99,42,"Sonoma County, United States"
105,Belle Glos,Oeil de Perdrix Pinot Noir Blanc Rosé 2021,4.1,18.95,289,"Yorkville Highlands, United States"
106,Lúuma,Cabernet Sauvignon 2019,4.0,24.99,112,"Oak Knoll District, United States"
107,J Vineyards,Pinot Gris 2021,4.0,14.99,415,"California, United States"
108,Whitehall Lane,Rassi Cabernet Sauvignon 2017,4.0,24.99,341,"Sonoma Valley, United States"
109,Lerner Project,Project 18 Cabernet Sauvignon 2019,4.4,79.99,26,"Napa Valley, United States"
110,Duckhorn,North Coast Sauvignon Blanc 2021,4.0,26.99,687,"North Coast, United States"
111,Belle Glos,Balade Pinot Noir 2020,4.3,37.95,470,"Russian River Valley, United States"
112,Belle Glos,Balade Pinot Noir 2019,4.2,37.95,672,"Russian River Valley, United States"
113,Far Niente,Cabernet Sauvignon 2019,4.6,109.99,344,"Napa Valley, United States"
114,Elouan,Pinot Noir 2019,4.0,16.99,1223,"Oregon, United States"
115,Frei Brothers,Chardonnay 2020,4.0,16.99,207,"Russian River Valley, United States"
116,Tesseron Estate,Pym-Rae Red Blend 2017,4.3,300.0,43,"Napa Valley, United States"
117,American Vintage,Proprietary Red 2018,3.8,12.99,39,"California, United States"
118,Conundrum,Red Blend 2020,4.0,15.58,1598,"California, United States"
119,Realm,The Bard 2018,4.6,149.99,540,"Napa Valley, United States"
120,Caymus,Cabernet Sauvignon 2020,4.4,79.99,1307,"Napa Valley, United States"
121,"Love, Oregon",Pinot Noir 2019,4.1,24.99,95,"Oregon, United States"
122,Böen,Russian River Valley Pinot Noir 2020,4.1,21.49,491,"Russian River Valley, United States"
123,Shafer,One Point Five Cabernet Sauvignon 2019,4.5,110.99,406,"Stags Leap District, United States"
124,Kistler,Les Noisetiers 2020,4.4,64.99,149,"Sonoma Coast, United States"
125,Kistler,Russian River Valley Pinot Noir 2020,4.4,64.99,103,"Russian River Valley, United States"
126,Shafer,Hillside Select Cabernet Sauvignon 2018,4.7,359.99,37,"Stags Leap District, United States"
127,Paul Hobbs,Beckstoffer Las Piedras Vineyard Cabernet Sauvignon 2015,4.8,329.95,74,"St. Helena, United States"
128,Trefethen,HāLo 2017,4.8,249.0,50,"Oak Knoll District, United States"
129,Bryant Family Vineyard,Cabernet Sauvignon Proprietor Grown 2002,4.8,479.99,48,"Napa Valley, United States"
130,Schrader,Cabernet Sauvignon RBS Beckstoffer To Kalon Vineyard 2019,4.8,424.0,34,"Oakville, United States"
131,The Vineyardist,Cabernet Sauvignon 2014,4.8,280.99,33,"Napa Valley, United States"
132,Schrader,Cabernet Sauvignon GIII (G3) Beckstoffer Georges III Vineyard 2015,4.8,398.0,27,"Rutherford, United States"
133,Futo,5500 2013,4.8,479.5,25,"Stags Leap District, United States"
134,Opus One,Opus One 2018,4.7,499.99,1737,"Napa Valley, United States"
135,Justin,Isosceles Reserve 2015,4.7,181.85,439,"Paso Robles, United States"
136,Dominus,Dominus (Christian Moueix) 2018,4.7,425.81,303,"Napa Valley, United States"
137,Sine Qua Non,The Hated Hunter Syrah 2017,4.7,414.99,280,"California, United States"
138,Orin Swift,Mercury Head Cabernet Sauvignon 2019,4.7,199.99,265,"Napa Valley, United States"
139,Eisele Vineyard,Cabernet Sauvignon 2013,4.7,499.99,242,"Napa Valley, United States"
140,Sine Qua Non,Turn The Whole Thing... Upside Down 2009,4.7,429.99,241,"California, United States"
141,Quintessa,Rutherford 2019,4.7,229.97,228,"Rutherford, United States"
142,Eisele Vineyard,Cabernet Sauvignon 2012,4.7,374.95,216,"Napa Valley, United States"
143,Pahlmeyer,Proprietary Red 2017,4.7,216.0,192,"Napa Valley, United States"
144,Shafer,Hillside Select Cabernet Sauvignon 2017,4.7,324.75,188,"Stags Leap District, United States"
145,Dunn,Howell Mountain Cabernet Sauvignon 2017,4.7,177.55,175,"Howell Mountain, United States"
146,Sine Qua Non,Dirt Vernacular 2016,4.7,429.99,173,"Central Coast, United States"
147,Sine Qua Non,Dark Blossom Grenache 2011,4.7,474.99,166,"California, United States"
148,Eisele Vineyard,Cabernet Sauvignon 2014,4.7,299.99,163,"Napa Valley, United States"
149,Sine Qua Non,Ziehharmonika Syrah 2018,4.7,399.99,145,"California, United States"
150,Quilceda Creek,Galitzine Vineyard Cabernet Sauvignon 2014,4.7,224.95,141,"Red Mountain, United States"
151,Frank Family,Winston Hill 2017,4.7,181.85,113,"Napa Valley, United States"
152,Amuse Bouche,Proprietary Red 2018,4.7,269.99,103,"Napa Valley, United States"
153,Ovid,Hexameter 2016,4.7,329.99,88,"Napa Valley, United States"
154,Sine Qua Non,Distenta I 2019,4.7,444.99,87,"California, United States"
155,Aloft,Cabernet Sauvignon 2010,4.7,194.99,75,"Howell Mountain, United States"
156,Ovid,Hexameter 2017,4.7,324.0,71,"Napa Valley, United States"
157,Cardinale,Red 2017,4.7,289.99,71,"Napa Valley, United States"
158,Austin Hope,Reserve Cabernet Sauvignon 2019,4.7,176.5,67,"Paso Robles, United States"
159,Niner,Fog Catcher Red Blend 2017,4.7,109.0,66,"Paso Robles, United States"
160,Sinegal Estate,Reserve Cabernet Sauvignon 2018,4.7,225.0,65,"St. Helena, United States"
161,Staglin,Estate Cabernet Sauvignon 2018,4.7,303.83,64,"Rutherford, United States"
162,Sine Qua Non,Aperta 2018,4.7,349.99,63,"California, United States"
163,Jarvis,Estate Cabernet Franc (Cave Fermented) 2016,4.7,149.99,56,"Napa Valley, United States"
164,Schrader,Cabernet Sauvignon CCS Beckstoffer To Kalon Vineyard 2018,4.7,460.05,52,"Oakville, United States"
165,Sinegal Estate,Reserve Cabernet Sauvignon 2017,4.7,274.99,49,"St. Helena, United States"
166,Paul Hobbs,Nathan Coombs Estate Cabernet Sauvignon 2015,4.7,399.95,49,"Coombsville, United States"
167,Dominus,Dominus (Christian Moueix) 2019,4.7,369.99,45,"Napa Valley, United States"
168,Sine Qua Non,Distenta I Grenache 2019,4.7,414.99,36,"California, United States"
169,Brand,Cabernet Sauvignon 2018,4.7,303.75,33,"Napa Valley, United States"
170,Barbour,Cabernet Sauvignon 2018,4.7,175.0,32,"St. Helena, United States"
171,Schrader,Cabernet Sauvignon GIII (G3) Beckstoffer Georges III Vineyard 2016,4.7,445.0,32,"Rutherford, United States"
172,Michael Mondavi,M Cabernet Sauvignon 2016,4.7,189.0,25,"Napa Valley, United States"
173,Caymus,Cabernet Sauvignon 2015,4.6,249.99,15390,"Napa Valley, United States"
174,Silver Oak,Napa Valley Cabernet Sauvignon 2016,4.6,149.0,1593,"Napa Valley, United States"
175,Far Niente,Cabernet Sauvignon 2018,4.6,145.99,829,"Napa Valley, United States"
176,Joseph Phelps,Insignia 2018,4.6,299.0,657,"Napa Valley, United States"
177,Cade,Estate Cabernet Sauvignon Howell Mountain 2018,4.6,119.89,641,"Howell Mountain, United States"
178,Chateau Montelena,The Montelena Estate Cabernet Sauvignon 2007,4.6,229.5,628,"Calistoga, United States"
179,Far Niente,Cabernet Sauvignon 2017,4.6,139.99,485,"Napa Valley, United States"
180,Heitz Cellar,Martha's Vineyard Cabernet Sauvignon 2005,4.6,489.99,478,"Oakville, United States"
181,PlumpJack,Estate Cabernet Sauvignon 2018,4.6,169.95,463,"Oakville, United States"
182,Signorello Estate,Padrone Proprietary Red 2012,4.6,149.95,443,"Napa Valley, United States"
183,Sine Qua Non,Male Syrah 2013,4.6,474.99,437,"California, United States"
184,Palmaz,Cabernet Sauvignon 2014,4.6,225.0,426,"Napa Valley, United States"
185,Shafer,Hillside Select Cabernet Sauvignon 2003,4.6,429.99,421,"Stags Leap District, United States"
186,Palmaz,Cabernet Sauvignon 2016,4.6,205.0,368,"Napa Valley, United States"
187,Spottswoode,Cabernet Sauvignon 2016,4.6,444.99,337,"St. Helena, United States"
188,Nickel & Nickel,State Ranch Cabernet Sauvignon 2019,4.6,115.0,316,"Yountville, United States"
189,Hall,Kathryn Hall Cabernet Sauvignon 2017,4.6,194.0,288,"Napa Valley, United States"
190,Peter Michael,Les Pavots 2012,4.6,294.99,286,"Knights Valley, United States"
191,Robert Mondavi Winery,To Kalon Vineyard Reserve Cabernet Sauvignon 2017,4.6,168.99,251,"Oakville, United States"
192,Pahlmeyer,Merlot 2016,4.6,103.9,248,"Napa Valley, United States"
193,Peter Michael,Les Pavots 2007,4.6,324.99,244,"Knights Valley, United States"
194,Quilceda Creek,Cabernet Sauvignon 2016,4.6,174.95,239,"Columbia Valley, United States"
195,Stag's Leap Wine Cellars,CASK 23 Cabernet Sauvignon 2018,4.6,319.99,226,"Napa Valley, United States"
196,Heitz Cellar,Martha's Vineyard Cabernet Sauvignon 2015,4.6,299.99,202,"Oakville, United States"
197,Clos du Val,Three Graces Red Blend 2015,4.6,399.0,198,"Stags Leap District, United States"
198,Stag's Leap Wine Cellars,S.L.V. Cabernet Sauvignon 2018,4.6,199.89,198,"Napa Valley, United States"
199,Verite,Le Désir 2008,4.6,499.99,186,"Sonoma County, United States"
200,Verite,La Muse 2008,4.6,449.95,182,"Sonoma County, United States"
201,Verite,La Muse 2014,4.6,431.9,176,"Sonoma County, United States"
202,DAOU,Soul of a Lion 2018,4.6,155.99,167,"Paso Robles, United States"
203,Opus One,Opus One 2019,4.6,360.0,161,"Napa Valley, United States"
204,Hall,Kathryn Hall Cabernet Sauvignon 2018,4.6,196.99,155,"Napa Valley, United States"
205,Sebastiani,Cherryblock Cabernet Sauvignon 2016,4.6,199.99,145,"Sonoma Valley, United States"
206,Cardinale,Red 2016,4.6,309.95,144,"Napa Valley, United States"
207,Revana,Napa Valley Estate Cabernet Sauvignon 2013,4.6,149.95,143,"Napa Valley, United States"
208,Heitz Cellar,Martha's Vineyard Cabernet Sauvignon 2016,4.6,267.45,139,"Oakville, United States"
209,Fisher Vineyards,Coach Insignia Cabernet Sauvignon 2016,4.6,114.7,132,"Napa Valley, United States"
210,Nickel & Nickel,Quarry Vineyard Cabernet Sauvignon 2019,4.6,109.0,131,"Rutherford, United States"
211,Frank Family,Winston Hill 2016,4.6,187.2,120,"Napa Valley, United States"
212,Revana,Terroir Series Cabernet Sauvignon 2018,4.6,99.96,119,"Napa Valley, United States"
213,Schrader,Cabernet Sauvignon RBS Beckstoffer To Kalon Vineyard 2018,4.6,427.95,118,"Oakville, United States"
214,Cliff Lede,Rock Block Series Magic Nights 2018,4.6,118.0,118,"Stags Leap District, United States"
215,Fortunate Son,The Dreamer 2018,4.6,154.99,117,"Napa Valley, United States"
216,Pahlmeyer,Merlot 2017,4.6,99.97,109,"Napa Valley, United States"
217,Continuum,Continuum Estate 2019,4.6,289.99,106,"Oakville, United States"
218,Nickel & Nickel,C.C. Ranch Cabernet Sauvignon 2019,4.6,109.0,104,"Rutherford, United States"
219,Ovid,Red Blend 2016,4.6,359.0,103,"Napa Valley, United States"
220,Alban Vineyards,Reva Estate Syrah 2009,4.6,140.0,102,"Edna Valley, United States"
221,Cakebread,Vine Hill Ranch Cabernet Sauvignon 2016,4.6,150.0,97,"Oakville, United States"
222,Jarvis,Estate Cabernet Sauvignon  (Cave Fermented) 2014,4.6,189.99,96,"Napa Valley, United States"
223,Switchback Ridge,Peterson Family Vineyard Cabernet Sauvignon 2016,4.6,79.95,94,"Napa Valley, United States"
224,Rudd,Oakville Estate Red 2014,4.6,224.95,90,"Oakville, United States"
225,Duckhorn,The Discussion 2018,4.6,145.0,89,"Napa Valley, United States"
226,Sine Qua Non,Profuga Grenache 2018,4.6,429.99,88,"California, United States"
227,Ovid,Red Blend 2017,4.6,324.0,84,"Napa Valley, United States"
228,Dancing Hares Vineyard,Red 2016,4.6,129.95,84,"Napa Valley, United States"
229,Casa Piena,Cabernet Sauvignon 2013,4.6,149.97,84,"Napa Valley, United States"
230,Davis Estates,Cabernet Sauvignon 2016,4.6,86.99,78,"Napa Valley, United States"
231,Ridge Vineyards,Monte Bello 2019,4.6,269.0,76,"Santa Cruz Mountains, United States"
232,Rombauer Vineyards,Cabernet Sauvignon Diamond Selection 2017,4.6,129.99,75,"Napa Valley, United States"
233,Gandona,Cabernet Sauvignon 2013,4.6,214.95,73,"Napa Valley, United States"
234,Peter Michael,Les Pavots 2017,4.6,289.99,72,"Knights Valley, United States"
235,Peter Michael,Au Paradis Cabernet Sauvignon 2018,4.6,220.0,71,"Oakville, United States"
236,Bergström,Sigrid Chardonnay 2017,4.6,131.62,69,"Willamette Valley, United States"
237,Cardinale,Red 2018,4.6,320.99,69,"Napa Valley, United States"
238,The Crane Assembly,G.B. Crane Vineyard Cabernet Sauvignon 2016,4.6,209.99,67,"St. Helena, United States"
239,Verite,La Joie 2016,4.6,430.9,67,"Sonoma County, United States"
240,Favia,Cerro Sur 2011,4.6,195.0,64,"Napa Valley, United States"
241,Leonetti,Cabernet Sauvignon 2019,4.6,134.95,61,"Walla Walla Valley, United States"
242,Chev,Pinot Noir 2019,4.6,109.97,61,"Russian River Valley, United States"
243,Kata,Beckstoffer Bourn Vineyard Red 2016,4.6,279.0,60,"Napa Valley, United States"
244,Realm,The Tempest 2015,4.6,379.0,60,"Napa Valley, United States"
245,Brand,Cabernet Sauvignon 2016,4.6,244.99,59,"Napa Valley, United States"
246,Dana,Onda Cabernet Sauvignon 2018,4.6,214.99,59,"Napa Valley, United States"
247,Palmaz,Cabernet Sauvignon 2018,4.6,149.99,57,"Napa Valley, United States"
248,The Debate,Beckstoffer Missouri Hopper Vineyard Cabernet Sauvignon 2015,4.6,299.0,56,"Oakville, United States"
249,Fisher Vineyards,Mountain Estate Vineyard Cabernet Sauvignon 2016,4.6,95.1,55,"Sonoma County, United States"
250,Accendo Cellars,Cabernet Sauvignon 2016,4.6,363.75,54,"Napa Valley, United States"
251,Larkmead,Solari 2017,4.6,234.99,53,"Napa Valley, United States"
252,David Arthur,Cabernet Sauvignon Three Acre 2016,4.6,149.99,53,"Napa Valley, United States"
253,Goldeneye,Ten Degrees Pinot Noir 2018,4.6,144.99,53,"Anderson Valley, United States"
254,Cakebread,Dancing Bear Ranch 2018,4.6,195.0,52,"Howell Mountain, United States"
255,Vineyard 29,Aida Estate Cabernet Sauvignon 2016,4.6,249.95,50,"Napa Valley, United States"
256,DAOU,Patrimony Cave des Lions 2019,4.6,319.0,49,"Paso Robles, United States"
257,Gandona,Cabernet Sauvignon 2016,4.6,229.99,48,"Napa Valley, United States"
258,Williams Selyem,Bacigalupi Vineyard Zinfandel 2014,4.6,89.95,47,"Russian River Valley, United States"
259,Davies,J. Davies Cabernet Sauvignon 2018,4.6,129.0,46,"Diamond Mountain District, United States"
260,Doubleback,Cabernet Sauvignon 2019,4.6,152.0,46,"Walla Walla Valley, United States"
261,Verite,Le Désir 2016,4.6,459.99,43,"Sonoma County, United States"
262,Diamond Creek,Gravelly Meadow Cabernet Sauvignon 2018,4.6,299.99,42,"Napa Valley, United States"
263,O'Shaughnessy,Cabernet Sauvignon Mount Veeder 2018,4.6,149.75,41,"Mount Veeder, United States"
264,DAOU,Patrimony Cabernet Sauvignon 2019,4.6,279.99,40,"Paso Robles, United States"
265,Fantesca Estate,King Richard's Reserve Pinot Noir 2018,4.6,119.99,38,"Russian River Valley, United States"
266,Realm,Cabernet Sauvignon Beckstoffer To Kalon Vineyard 2007,4.6,489.99,37,"Napa Valley, United States"
267,Amuse Bouche,Proprietary Red 2019,4.6,270.0,35,"Napa Valley, United States"
268,Bevan Cellars,Tench Vineyard Cabernet Sauvignon 2015,4.6,335.0,35,"Oakville, United States"
269,Verite,Le Désir 2017,4.6,459.99,34,"Sonoma County, United States"
270,Caymus,Special Selection Cabernet Sauvignon 2018,4.6,267.45,34,"Napa Valley, United States"
271,Altamura,Cabernet Sauvignon 2018,4.6,139.98,33,"Napa Valley, United States"
272,Franciscan,Magnificat 2018,4.6,49.99,33,"Napa Valley, United States"
273,Passing Time,Horse Heaven Hills Cabernet Sauvignon 2018,4.6,111.99,31,"Horse Heaven Hills, United States"
274,Cornell,Cabernet Sauvignon 2017,4.6,154.99,30,"Sonoma County, United States"
275,Staglin,Salus Estate Cabernet Sauvignon 2019,4.6,121.99,29,"Rutherford, United States"
276,Pine Ridge,Napa Valley Cabernet Sauvignon 2020,4.6,49.98,29,"Napa Valley, United States"
277,Immortal Estate,Impassable Mountain Reserve 2016,4.6,334.99,28,"Sonoma County, United States"
278,Venge Vineyards,Cabernet Sauvignon Family Reserve 2018,4.6,208.99,28,"Oakville, United States"
279,PerUs,Ines 2018,4.6,400.0,28,"Napa Valley, United States"
280,Saxum,The Hexe 2018,4.6,249.99,26,"Paso Robles, United States"
281,Dancing Hares Vineyard,Red 2005,4.6,199.0,25,"Napa Valley, United States"
282,Wente Vineyards,The Nth Degree Pinot Noir 2018,4.6,69.99,25,"Arroyo Seco, United States"
283,Opus One,Overture N.V.,4.5,149.97,15853,"Napa Valley, United States"
284,Stag's Leap Wine Cellars,ARTEMIS Cabernet Sauvignon 2018,4.5,119.0,8453,"Napa Valley, United States"
285,Stag's Leap Wine Cellars,ARTEMIS Cabernet Sauvignon 2019,4.5,69.99,3327,"Napa Valley, United States"
286,Silver Oak,Alexander Valley Cabernet Sauvignon 2017,4.5,99.99,3149,"Alexander Valley, United States"
287,Caymus,Cabernet Sauvignon 2019,4.5,119.99,2783,"Napa Valley, United States"
288,Cakebread,Premiere Napa Valley Suscol Springs Vineyard Cabernet Sauvignon 2018,4.5,129.0,1233,"Napa Valley, United States"
289,Joseph Phelps,Cabernet Sauvignon 2019,4.5,79.13,1116,"Napa Valley, United States"
290,Justin,Isosceles 2018,4.5,73.78,996,"Paso Robles, United States"
291,Shafer,One Point Five Cabernet Sauvignon 2018,4.5,110.0,978,"Stags Leap District, United States"
292,Silver Oak,Napa Valley Cabernet Sauvignon 2017,4.5,134.9,847,"Napa Valley, United States"
293,Orin Swift,Papillon 2019,4.5,68.99,776,"Napa Valley, United States"
294,Domaine Serene,Evenstad Reserve Pinot Noir 2016,4.5,94.5,686,"Willamette Valley, United States"
295,Inglenook,Rubicon 2014,4.5,199.99,610,"Rutherford, United States"
296,Adaptation,Cabernet Sauvignon 2018,4.5,74.99,488,"Napa Valley, United States"
297,Heitz Cellar,Lot C-91 2016,4.5,99.99,442,"Napa Valley, United States"
298,Duckhorn,Three Palms Vineyard Merlot 2017,4.5,149.99,424,"Napa Valley, United States"
299,Mount Peak,Sentinel Cabernet Sauvignon 2016,4.5,57.99,397,"Sonoma County, United States"
300,Venge Vineyards,Cabernet Sauvignon Silencieux 2019,4.5,58.95,358,"Napa Valley, United States"
301,Cakebread,Cabernet Sauvignon 2019,4.5,83.0,349,"Napa Valley, United States"
302,Cade,Cabernet Sauvignon Napa Valley 2013,4.5,299.0,345,"Napa Valley, United States"
303,Chappellet,Cabernet Sauvignon (Signature) 2019,4.5,85.0,343,"Napa Valley, United States"
304,Raymond,Generations Cabernet Sauvignon 2017,4.5,149.0,331,"Napa Valley, United States"
305,Paul Hobbs,Cabernet Sauvignon 2017,4.5,99.95,311,"Napa Valley, United States"
306,DuMOL,Wester Reach Pinot Noir 2019,4.5,74.9,307,"Russian River Valley, United States"
307,Stonestreet,Rockfall Cabernet Sauvignon 2010,4.5,169.99,267,"Alexander Valley, United States"
308,Ghost Block,Cabernet Sauvignon 2019,4.5,114.94,259,"Oakville, United States"
309,DuMOL,Wester Reach Pinot Noir 2018,4.5,74.9,251,"Russian River Valley, United States"
310,Nickel & Nickel,DeCarle Vineyard Cabernet Sauvignon 2017,4.5,142.99,250,"Rutherford, United States"
311,Justin,Isosceles Reserve 2017,4.5,179.0,248,"Paso Robles, United States"
312,Nickel & Nickel,Quicksilver Vineyard Cabernet Sauvignon 2017,4.5,142.99,245,"Rutherford, United States"
313,Darioush,Cabernet Sauvignon (Signature) 2019,4.5,137.95,242,"Napa Valley, United States"
314,Chateau Montelena,The Montelena Estate Cabernet Sauvignon 2017,4.5,162.0,236,"Calistoga, United States"
315,Jarvis,Estate Merlot 2013,4.5,134.99,225,"Napa Valley, United States"
316,Nickel & Nickel,Vaca Vista Vineyard Cabernet Sauvignon 2017,4.5,142.99,225,"Oak Knoll District, United States"
317,Paul Hobbs,Katherine Lindsay Estate Pinot Noir 2014,4.5,99.95,220,"Russian River Valley, United States"
318,O'Shaughnessy,Cabernet Sauvignon Howell Mountain 2018,4.5,99.0,213,"Howell Mountain, United States"
319,Belle Glos,Taylor Lane Vineyard Pinot Noir 2011,4.5,149.99,209,"Sonoma Coast, United States"
320,Justin,Isosceles Reserve 2010,4.5,175.0,205,"Paso Robles, United States"
321,Groth,Cabernet Sauvignon Reserve 2018,4.5,155.1,201,"Oakville, United States"
322,Lail Vineyards,Blueprint Cabernet Sauvignon 2019,4.5,100.8,195,"Napa Valley, United States"
323,Paul Hobbs,Cabernet Sauvignon 2018,4.5,98.99,194,"Napa Valley, United States"
324,Nickel & Nickel,Quicksilver Vineyard Cabernet Sauvignon 2018,4.5,94.95,181,"Rutherford, United States"
325,Justin,Isosceles Reserve 2018,4.5,189.97,168,"Paso Robles, United States"
326,Beaux Frères,The Beaux Frères Vineyard Pinot Noir 2019,4.5,121.99,164,"Ribbon Ridge, United States"
327,Quilceda Creek,Cabernet Sauvignon 2002,4.5,354.99,160,"Columbia Valley, United States"
328,Merus,Cabernet Sauvignon 2013,4.5,179.99,158,"Napa Valley, United States"
329,Booker,Fracture 2018,4.5,99.99,157,"Paso Robles, United States"
330,Stag's Leap Wine Cellars,FAY Cabernet Sauvignon 2019,4.5,159.99,147,"Napa Valley, United States"
331,Spottswoode,Cabernet Sauvignon 2017,4.5,399.95,144,"St. Helena, United States"
332,Freemark Abbey,Sycamore Vineyard Cabernet Sauvignon 2004,4.5,234.99,144,"Rutherford, United States"
333,Inglenook,Rubicon 2017,4.5,264.99,144,"Rutherford, United States"
334,Chateau Montelena,The Montelena Estate Cabernet Sauvignon 2018,4.5,206.5,142,"Calistoga, United States"
335,Louis M. Martini,Lot No. 1 Cabernet Sauvignon 2015,4.5,149.99,139,"Napa Valley, United States"
336,Dakota Shy,Cabernet Sauvignon 2019,4.5,160.0,129,"Napa Valley, United States"
337,Gandona,Encosta Estate Cabernet Sauvignon 2016,4.5,79.99,127,"Napa Valley, United States"
338,Coup de Foudre,37.2 Red Blend 2016,4.5,90.4,121,"Napa Valley, United States"
339,The Hess Collection,Iron Corral Estate Grown Cabernet Sauvignon 2019,4.5,59.83,120,"Napa Valley, United States"
340,Palmaz,Cabernet Sauvignon 2017,4.5,154.97,117,"Napa Valley, United States"
341,Etude,Pinot Noir Heirloom 2016,4.5,105.3,116,"Los Carneros, United States"
342,Merryvale,Profile 2014,4.5,192.99,112,"Napa Valley, United States"
343,Inglenook,Rubicon 2018,4.5,199.97,112,"Rutherford, United States"
344,The Mascot,Cabernet Sauvignon 2018,4.5,174.98,108,"Napa Valley, United States"
345,DAOU,Soul of a Lion 2019,4.5,144.4,107,"Paso Robles, United States"
346,Ovid,Experiment 2017,4.5,174.99,107,"Napa Valley, United States"
347,Verite,Le Désir 2009,4.5,229.95,105,"Sonoma County, United States"
348,Miner,The Oracle 2016,4.5,115.4,104,"Napa Valley, United States"
349,Dunn,Cabernet Sauvignon 2017,4.5,109.0,102,"Napa Valley, United States"
350,L'Aventure,Estate Cuvée 2019,4.5,129.0,100,"Paso Robles, United States"
351,Stag's Leap Wine Cellars,S.L.V. Cabernet Sauvignon 2019,4.5,199.99,100,"Napa Valley, United States"
352,Goldeneye,Gowan Creek Pinot Noir 2017,4.5,85.99,99,"Anderson Valley, United States"
353,Kosta Browne,Russian River Valley Pinot Noir 2020,4.5,149.0,95,"Russian River Valley, United States"
354,Verite,Le Désir 2014,4.5,430.9,93,"Sonoma County, United States"
355,Verite,Le Désir 2015,4.5,375.0,92,"Sonoma County, United States"
356,Kistler,Cuvée Natalie Silver Belt Vineyard Pinot Noir 2018,4.5,199.97,92,"Sonoma Coast, United States"
357,Merry Edwards,Klopp Ranch Pinot Noir 2017,4.5,96.99,90,"Russian River Valley, United States"
358,Post Parade,Stretch Drive Cabernet Sauvignon 2018,4.5,72.99,86,"Napa Valley, United States"
359,Larkmead,Dr. Olmo 2016,4.5,164.97,84,"Napa Valley, United States"
360,Verite,La Joie 2015,4.5,385.0,83,"Sonoma County, United States"
361,St. Supéry,Dollarhide Cabernet Sauvignon 2017,4.5,104.99,82,"Napa Valley, United States"
362,Flora Springs,Trilogy 2018,4.5,69.5,81,"Napa Valley, United States"
363,Cakebread,Cabernet Sauvignon Benchland Select 2018,4.5,147.0,81,"Napa Valley, United States"
364,Figgins,Walla Walla Valley Estate Red 2017,4.5,94.99,78,"Walla Walla Valley, United States"
365,Nickel & Nickel,Dogleg Vineyard Cabernet Sauvignon 2019,4.5,117.65,77,"St. Helena, United States"
366,The Grade,Winfield Vineyard Cabernet Sauvignon 2014,4.5,99.99,75,"Calistoga, United States"
367,Davies,J. Davies Cabernet Sauvignon 2017,4.5,99.99,75,"Diamond Mountain District, United States"
368,Odette,Reserve Chardonnay 2018,4.5,94.99,75,"Napa Valley, United States"
369,DAOU,Unbound Reserve 2020,4.5,59.99,74,"Paso Robles, United States"
370,Robert Sinskey,Marcien 2013,4.5,113.9,74,"Los Carneros, United States"
371,Merus,Cabernet Sauvignon 2017,4.5,189.99,74,"Napa Valley, United States"
372,Whitehall Lane,Cabernet Sauvignon Leonardini Estate 2016,4.5,80.0,73,"Napa Valley, United States"
373,Paul Hobbs,Nathan Coombs Estate Cabernet Sauvignon 2013,4.5,490.0,71,"Coombsville, United States"
374,Ramey,Cabernet Sauvignon Annum 2014,4.5,96.7,70,"Napa Valley, United States"
375,Colgin,IX Estate Syrah 2007,4.5,309.97,70,"Napa Valley, United States"
376,Honig,Cabernet Sauvignon Bartolucci Vineyard 2017,4.5,105.3,69,"St. Helena, United States"
377,Louis M. Martini,Lot No. 1 Cabernet Sauvignon 2017,4.5,199.99,68,"Napa Valley, United States"
378,Ovid,Experiment 2018,4.5,174.99,68,"Napa Valley, United States"
379,Marcassin,Pinot Noir 2013,4.5,489.99,66,"Sonoma Coast, United States"
380,DuMOL,Napa Valley Cabernet Sauvignon 2018,4.5,116.1,66,"Napa Valley, United States"
381,Moone-Tsai,Cabernet Sauvignon 2018,4.5,109.99,65,"Napa Valley, United States"
382,Verite,La Muse 2016,4.5,430.9,64,"Sonoma County, United States"
383,Immortal Estate,Slope 2017,4.5,74.89,63,"Sonoma County, United States"
384,Delectus,Boulder Falls Cabernet Sauvignon 2014,4.5,104.99,61,"Knights Valley, United States"
385,Blackbird Vineyards,Contrarian 2016,4.5,114.5,61,"Oak Knoll District, United States"
386,Ramey,Cabernet Sauvignon Pedregal Vineyard 2015,4.5,189.0,61,"Oakville, United States"
387,Beaulieu Vineyard (BV),Georges De Latour Private Reserve Cabernet Sauvignon 2019,4.5,169.99,59,"Napa Valley, United States"
388,Lewis Cellars,Alec's Blend 2019,4.5,83.99,58,"Napa Valley, United States"
389,Fisher Vineyards,Coach Insignia Cabernet Sauvignon 2008,4.5,209.0,57,"Napa Valley, United States"
390,Episode,Red Blend 2010,4.5,99.95,56,"Napa Valley, United States"
391,Argyle,Extended Tirage Brut 2009,4.5,84.99,54,"Willamette Valley, United States"
392,Axr,Cabernet Sauvignon 2018,4.5,74.99,52,"Napa Valley, United States"
393,Brian Arden,West Kade Red 2014,4.5,149.99,51,"Napa Valley, United States"
394,Kistler,Cuvée Natalie Silver Belt Vineyard Pinot Noir 2019,4.5,199.99,50,"Sonoma Coast, United States"
395,Pursued by Bear,Baby Bear Syrah 2015,4.5,89.99,50,"Columbia Valley, United States"
396,Dunn,Howell Mountain Cabernet Sauvignon 2018,4.5,188.99,49,"Howell Mountain, United States"
397,Quilt,Reserve Cabernet Sauvignon 2017,4.5,84.99,49,"Napa Valley, United States"
398,Bravante,Cabernet Sauvignon 2014,4.5,89.99,48,"Howell Mountain, United States"
399,Raymond,Generations Cabernet Sauvignon 2007,4.5,99.95,47,"Napa Valley, United States"
400,Hall,Kathryn Hall Cabernet Sauvignon 2019,4.5,246.05,47,"Napa Valley, United States"
401,DeLille Cellars,Chaleur Estate Rouge 2018,4.5,99.99,46,"Yakima Valley, United States"
402,TOR,Oakville Cabernet Sauvignon 2019,4.5,114.99,46,"Oakville, United States"
403,ZD Wines,50th Anniversary Cabernet Sauvignon 2019,4.5,81.99,45,"Napa Valley, United States"
404,Reynolds Family Winery,Persistence Red 2019,4.5,74.99,45,"Napa Valley, United States"
405,Ty Caton Vineyards,Caton Vineyard Tytanium Red 2018,4.5,70.0,44,"Sonoma Valley, United States"
406,Yount Ridge,Cabernet Sauvignon 2017,4.5,114.97,44,"Napa Valley, United States"
407,Frank Family,Rutherford Reserve Cabernet Sauvignon 2018,4.5,104.99,44,"Rutherford, United States"
408,Tate,Spring Street Cabernet Sauvignon 2017,4.5,68.0,43,"Napa Valley, United States"
409,DAOU,Mayote 2010,4.5,99.95,43,"Paso Robles, United States"
410,Jonata,La Sangre de Jonata 2005,4.5,171.4,43,"Ballard Canyon, United States"
411,Jonata,El Alma de Jonata 2006,4.5,149.99,43,"Ballard Canyon, United States"
412,Louis M. Martini,Monte Rosso Vineyard Cabernet Sauvignon 2018,4.5,124.99,42,"Sonoma Valley, United States"
413,Merry Edwards,Flax Vineyard Pinot Noir 2017,4.5,89.3,40,"Russian River Valley, United States"
414,The Napa Valley Reserve,Red 2017,4.5,389.99,40,"Napa Valley, United States"
415,Diamond Creek,Red Rock Terrace Cabernet Sauvignon 2018,4.5,310.44,40,"Napa Valley, United States"
416,Clos du Val,Yettalil 2019,4.5,199.95,38,"Stags Leap District, United States"
417,Verite,La Muse 2018,4.5,375.0,37,"Sonoma County, United States"
418,Eisele Vineyard,Syrah 2009,4.5,396.0,36,"Napa Valley, United States"
419,White Rock Vineyards,Claret 2018,4.5,70.99,33,"Napa Valley, United States"
420,Peter Michael,Belle Côte Chardonnay 2020,4.5,108.99,32,"Knights Valley, United States"
421,Fisher Vineyards,Mountain Estate Vineyard Chardonnay 2019,4.5,69.5,31,"Sonoma County, United States"
422,Saxum,Paderewski Vineyard 2018,4.5,189.0,30,"Paso Robles, United States"
423,Palmaz,Amalia Chardonnay 2019,4.5,80.0,29,"Napa Valley, United States"
424,Fisher Vineyards,Lamb Vineyard Cabernet Sauvignon 2013,4.5,155.9,29,"Napa Valley, United States"
425,David Arthur,Elevation 1147 2017,4.5,239.99,29,"Napa Valley, United States"
426,L'Usine,Sleepy Hollow Vineyard Pinot Noir 2018,4.5,104.99,28,"Santa Lucia Highlands, United States"
427,Stonestreet,Rockfall Cabernet Sauvignon 2017,4.5,162.99,28,"Alexander Valley, United States"
428,Hertelendy,Cabernet Sauvignon 2016,4.5,134.99,28,"Napa Valley, United States"
429,Peter Michael,Les Pavots 2019,4.5,249.99,27,"Knights Valley, United States"
430,North Coast Wine Co.,Outerbound Pinot Noir 2019,4.5,34.99,27,"Russian River Valley, United States"
431,Law Estate Wines,Sagacious 2018,4.5,99.97,27,"Paso Robles, United States"
432,Black Stallion,Transcendent Cabernet Sauvignon 2017,4.5,134.97,26,"Napa Valley, United States"
433,Bravante,Cabernet Sauvignon 2015,4.5,79.0,25,"Howell Mountain, United States"
434,Frank Family,Cabernet Sauvignon 2018,4.4,64.99,3050,"Napa Valley, United States"
435,The Prisoner,Cabernet Sauvignon 2019,4.4,45.99,2838,"Napa Valley, United States"
436,Belle Glos,Clark & Telephone Vineyard Pinot Noir 2020,4.4,38.99,2786,"Santa Maria Valley, United States"
437,Dominus,Dominus (Christian Moueix) 2011,4.4,313.89,2003,"Napa Valley, United States"
438,Jordan,Cabernet Sauvignon 2017,4.4,89.99,1838,"Alexander Valley, United States"
439,Orin Swift,Machete 2018,4.4,54.98,1787,"California, United States"
440,Kenzo Estate,Rindo Red 2018,4.4,164.99,1330,"Napa Valley, United States"
441,Caymus-Suisun,Grand Durif 2019,4.4,44.97,1056,"Suisun Valley, United States"
442,Dominus,Dominus (Christian Moueix) 2006,4.4,310.25,1049,"Napa Valley, United States"
443,Pine Ridge,Napa Valley Cabernet Sauvignon 2018,4.4,65.0,1011,"Napa Valley, United States"
444,Cakebread,Cabernet Sauvignon 2017,4.4,99.99,879,"Napa Valley, United States"
445,EnRoute,Les Pommiers Pinot Noir 2019,4.4,40.49,851,"Russian River Valley, United States"
446,Goldeneye,Anderson Valley Pinot Noir 2019,4.4,48.95,830,"Anderson Valley, United States"
447,The Hess Collection,Lion Tamer Napa Valley Red Blend 2018,4.4,44.89,752,"Napa Valley, United States"
448,Belle Glos,Dairyman Vineyard Pinot Noir 2020,4.4,54.99,746,"Russian River Valley, United States"
449,Belle Glos,Las Alturas Vineyard Pinot Noir 2020,4.4,38.99,705,"Santa Lucia Highlands, United States"
450,Cliff Lede,Stags Leap District Cabernet Sauvignon 2018,4.4,77.0,677,"Stags Leap District, United States"
451,Chateau Montelena,Chardonnay 2019,4.4,62.7,663,"Napa Valley, United States"
452,Rombauer Vineyards,Chardonnay 2021,4.4,37.98,599,"Los Carneros, United States"
453,Silver Oak,Alexander Valley Cabernet Sauvignon 2018,4.4,85.0,597,"Alexander Valley, United States"
454,Eisele Vineyard,Altagracia Cabernet Sauvignon 2012,4.4,148.5,553,"Napa Valley, United States"
455,The Hess Collection,Mount Veeder Estate Cabernet Sauvignon 2018,4.4,72.99,510,"Mount Veeder, United States"
456,Alpha Omega,Two² Red 2018,4.4,39.99,466,"Napa Valley, United States"
457,Château St. Jean,Cinq Cépages 2016,4.4,109.99,458,"Sonoma County, United States"
458,Pahlmeyer,Jayson Cabernet Sauvignon 2018,4.4,78.06,392,"Napa Valley, United States"
459,Stags' Leap,The Leap Cabernet Sauvignon 2018,4.4,89.0,344,"Napa Valley, United States"
460,Figgins,Walla Walla Valley Estate Red 2012,4.4,99.95,326,"Walla Walla Valley, United States"
461,Flora Springs,Trilogy 2017,4.4,73.0,327,"Napa Valley, United States"
462,Shafer,Relentless 2017,4.4,109.99,319,"Napa Valley, United States"
463,Beaulieu Vineyard (BV),Georges De Latour Private Reserve Cabernet Sauvignon 2018,4.4,139.99,291,"Napa Valley, United States"
464,Louis M. Martini,Monte Rosso Vineyard Cabernet Sauvignon 2012,4.4,74.95,283,"Sonoma Valley, United States"
465,Nickel & Nickel,Quarry Vineyard Cabernet Sauvignon 2017,4.4,142.99,269,"Rutherford, United States"
466,Hourglass,HG III Red Blend 2019,4.4,45.89,266,"Napa Valley, United States"
467,Bernardus,Marinus 2014,4.4,49.99,266,"Carmel Valley, United States"
468,Clos du Val,Hirondelle Vineyard Estate Cabernet Sauvignon 2016,4.4,109.0,263,"Stags Leap District, United States"
469,Heitz Cellar,Trailside Vineyard Cabernet Sauvignon 2015,4.4,139.99,262,"Rutherford, United States"
470,Cakebread,Merlot 2016,4.4,79.99,260,"Napa Valley, United States"
471,Ulysses,Ulysses 2015,4.4,219.99,249,"Napa Valley, United States"
472,Booker,Oublie 2017,4.4,80.2,241,"Paso Robles, United States"
473,Rombauer Vineyards,El Dorado 'Twin Rivers' Zinfandel 2019,4.4,51.33,235,"El Dorado, United States"
474,Jordan,Cabernet Sauvignon 2018,4.4,64.15,235,"Alexander Valley, United States"
475,Merry Edwards,Pinot Noir 2019,4.4,72.0,211,"Russian River Valley, United States"
476,The Hess Collection,Lion Tamer Cabernet Sauvignon 2018,4.4,59.99,210,"Napa Valley, United States"
477,Shafer,TD9 2019,4.4,66.8,207,"Napa Valley, United States"
478,Belle Glos,Dairyman Vineyard Pinot Noir 2021,4.4,33.99,201,"Russian River Valley, United States"
479,Louis M. Martini,Monte Rosso Vineyard Cabernet Sauvignon 2016,4.4,119.99,198,"Sonoma Valley, United States"
480,Merry Edwards,Sauvignon Blanc 2020,4.4,50.4,190,"Russian River Valley, United States"
481,Pride Mountain Vineyards,Merlot 2018,4.4,74.99,179,"California, United States"
482,Darioush,Chardonnay (Signature) 2018,4.4,63.99,169,"Napa Valley, United States"
483,Abeja,Cabernet Sauvignon 2017,4.4,60.99,169,"Columbia Valley, United States"
484,Amici,Reserve Cabernet Sauvignon 2019,4.4,101.6,168,"Napa Valley, United States"
485,Abeja,Cabernet Sauvignon 2018,4.4,52.9,165,"Columbia Valley, United States"
486,Beringer,Private Reserve Cabernet Sauvignon 2017,4.4,169.0,165,"Napa Valley, United States"
487,Altvs,Cabernet Sauvignon 2011,4.4,108.0,163,"Napa Valley, United States"
488,Timeless,Red Blend 2017,4.4,194.99,159,"Napa Valley, United States"
489,Rombauer Vineyards,Cabernet Sauvignon 2018,4.4,79.99,157,"Napa Valley, United States"
490,Nickel & Nickel,Vaca Vista Vineyard Cabernet Sauvignon 2018,4.4,117.65,156,"Oak Knoll District, United States"
491,Hanzell,Pinot Noir 2014,4.4,96.99,156,"Sonoma Valley, United States"
492,Kistler,Cuvée Natalie Silver Belt Vineyard Pinot Noir 2015,4.4,219.97,155,"Sonoma Coast, United States"
493,Michael Mondavi,Animo Cabernet Sauvignon 2015,4.4,71.95,155,"Napa Valley, United States"
494,Louis M. Martini,Monte Rosso Vineyard Gnarly Vine Zinfandel 2015,4.4,84.99,154,"Sonoma Valley, United States"
495,Domaine Serene,Grand Cheval 2017,4.4,87.7,151,"Oregon, United States"
496,Freemark Abbey,Sycamore Vineyard Cabernet Sauvignon 2015,4.4,144.95,151,"Rutherford, United States"
497,Frank Family,Cabernet Sauvignon 2019,4.4,53.45,143,"Napa Valley, United States"
498,Stag's Leap Wine Cellars,CASK 23 Cabernet Sauvignon 2004,4.4,339.99,141,"Napa Valley, United States"
499,Salvestrin,Dr. Crane Vineyard Cabernet Sauvignon 2016,4.4,69.0,140,"St. Helena, United States"
500,Orin Swift,Eight Years In The Desert 2021,4.4,43.99,138,"California, United States"
501,Silverado Vineyards,GEO Cabernet Sauvignon 2012,4.4,64.99,137,"Coombsville, United States"
502,Walter Hansel,The North Slope Vineyard Pinot Noir 2019,4.4,46.99,136,"Russian River Valley, United States"
503,Vaso,Cabernet Sauvignon 2018,4.4,89.99,135,"Napa Valley, United States"
504,Blackbird Vineyards,Paramour 2012,4.4,109.95,130,"Oak Knoll District, United States"
505,K Vintners,The Hidden Syrah 2013,4.4,79.95,129,"Wahluke Slope, United States"
506,Belle Glos,Eulenloch Pinot Noir 2019,4.4,44.99,123,"Napa Valley, United States"
507,Merus,Cabernet Sauvignon 2006,4.4,185.0,117,"Napa Valley, United States"
508,Ladera,Cabernet Sauvignon 2016,4.4,99.99,117,"Napa Valley, United States"
509,Verite,La Joie 2014,4.4,399.99,116,"Sonoma County, United States"
510,Hanzell,Chardonnay 2016,4.4,64.99,115,"Sonoma Valley, United States"
511,B Wise,Trios Cabernet Sauvignon 2019,4.4,60.0,111,"Sonoma Valley, United States"
512,Sheridan Vineyard,Boss Block 2015,4.4,49.95,111,"Washington, United States"
513,Walt,Bob's Ranch Pinot Noir 2016,4.4,79.99,109,"Russian River Valley, United States"
514,Gundlach Bundschu,Vintage Reserve 2012,4.4,129.99,105,"Sonoma Valley, United States"
515,Duckhorn,Three Palms Vineyard Merlot 2019,4.4,117.65,104,"Napa Valley, United States"
516,Robert Mondavi Winery,To Kalon Vineyard Reserve Cabernet Sauvignon 2018,4.4,235.35,102,"Oakville, United States"
517,Paradigm,Cabernet Sauvignon 2018,4.4,86.99,101,"Oakville, United States"
518,Jarvis,Estate Cabernet Franc (Cave Fermented) 2012,4.4,119.95,100,"Napa Valley, United States"
519,Favia,Carbone Chardonnay 2018,4.4,54.0,98,"Coombsville, United States"
520,Merry Edwards,Pinot Noir 2019,4.4,59.0,96,"Sonoma Coast, United States"
521,Krupp Brothers,Veraison Cabernet Sauvignon (Stagecoach Vineyard) 2010,4.4,89.95,94,"Napa Valley, United States"
522,Justin,Justification 2019,4.4,64.99,93,"Paso Robles, United States"
523,Andrew Will,Champoux Vineyard Red 2014,4.4,59.95,93,"Horse Heaven Hills, United States"
524,Kosta Browne,Sonoma Coast Pinot Noir 2020,4.4,149.0,92,"Sonoma Coast, United States"
525,Caymus-Suisun,Grand Durif 2020,4.4,39.45,86,"Suisun Valley, United States"
526,Eisele Vineyard,Sauvignon Blanc 2017,4.4,135.0,85,"Napa Valley, United States"
527,Krupp Brothers,The Doctor (Stagecoach Vineyard) 2018,4.4,109.99,85,"Napa Valley, United States"
528,Sequoia Grove,Cabernet Sauvignon  2019,4.4,50.99,85,"Napa Valley, United States"
529,Belle Glos,Clark & Telephone Vineyard Pinot Noir 2021,4.4,47.03,84,"Santa Maria Valley, United States"
530,Verite,La Muse 2015,4.4,269.95,83,"Sonoma County, United States"
531,Pharaoh Moans,Red 2014,4.4,99.99,83,"Paso Robles, United States"
532,Tolosa,1772 Pacific Wind Pinot Noir 2018,4.4,72.0,82,"Edna Valley, United States"
533,Corison,Cabernet Sauvignon 2018,4.4,109.99,82,"Napa Valley, United States"
534,Post Parade,Cabernet Sauvignon 2016,4.4,99.99,81,"Napa Valley, United States"
535,Rudd,Oakville Estate Red 2011,4.4,189.95,79,"Oakville, United States"
536,Domaine Serene,Grand Cheval 2018,4.4,87.7,77,"Oregon, United States"
537,Fisher Vineyards,Unity Cabernet Sauvignon 2019,4.4,56.7,76,"Napa County, United States"
538,Priest Ranch,Snake Oil 2018,4.4,109.99,75,"Napa Valley, United States"
539,Realm,Fidelio 2018,4.4,269.0,75,"Napa Valley, United States"
540,Caterwaul,Cabernet Sauvignon 2020,4.4,59.99,74,"Napa Valley, United States"
541,Spottswoode,Lyndenhurst Cabernet Sauvignon 2019,4.4,94.99,74,"St. Helena, United States"
542,Dancing Hares Vineyard,Red 2017,4.4,149.0,73,"Napa Valley, United States"
543,Textbook,Mise en place Cabernet Sauvignon 2019,4.4,75.99,71,"Oakville, United States"
544,Melka,CJ Cabernet Sauvignon 2017,4.4,99.99,70,"Napa Valley, United States"
545,Foxen,Block 8 Pinot Noir (Bien Nacido Vineyard) 2017,4.4,59.9,70,"Santa Maria Valley, United States"
546,Jonata,La Sangre de Jonata 2009,4.4,160.6,70,"Ballard Canyon, United States"
547,Arietta,Quartet 2019,4.4,73.99,69,"Napa Valley, United States"
548,Alpha Omega,Proprietary Red 2019,4.4,159.99,68,"Napa Valley, United States"
549,Salvestrin,Cabernet Sauvignon Dr. Crane Vineyard Three D (3D) 2015,4.4,169.99,67,"St. Helena, United States"
